planet_name,jwst_instrument,jwst_filter,jwst_dispersion,type,num_obs,jwst_cycle,pid,eap_months,radius_rearth,mass_mearth,period_day,sma_au,eq-temp_kelvin,host_name,system_p-num,system_s-num,system-distance_pc,star-teff_kelvin,star-radius_rsol,star-mass_msol,star-log10-lbol_lsol,star-age_ga,star-rotvel_kms
55 Cnc e,MIRI / LRS,-,-,Eclipse,1,1,1952,12,1.875,7.99,0.7365474,0.01544,1958.0,55 Cnc,5.0,2.0,12.5855,5172.0,0.94,0.91,-0.197,10.2,1.23
55 Cnc e,NIRCam / GTS,F444W,GRISM,Eclipse,1,1,1952,12,1.875,7.99,0.7365474,0.01544,1958.0,55 Cnc,5.0,2.0,12.5855,5172.0,0.94,0.91,-0.197,10.2,1.23
55 Cnc e,NIRCam / GTS,F444W,GRISM,Eclipse,5,1,2084,12,1.875,7.99,0.7365474,0.01544,1958.0,55 Cnc,5.0,2.0,12.5855,5172.0,0.94,0.91,-0.197,10.2,1.23
AU Mic b,NIRCam / GTS,F322W2,GRISM-R,Transit,2,3,5311,6,3.957,20.12,8.46308,0.0649,600.0,AU Mic,3.0,1.0,9.7221,3678.0,0.74,0.51,-1.038,0.02,8.5
AU Mic b,NIRCam / GTS,F444W,GRISM-R,Transit,2,3,5311,6,3.957,20.12,8.46308,0.0649,600.0,AU Mic,3.0,1.0,9.7221,3678.0,0.74,0.51,-1.038,0.02,8.5
GJ 1132 b,MIRI / LRS,-,-,Eclipse,1,1,1274,12,1.192,1.83705,1.62892911,0.0157,583.8,GJ 1132,2.0,1.0,12.613,3229.0,0.22,0.19,-2.321,5.0,2.0
GJ 1132 b,NIRSpec / BOTS,F290LP,G395M,Transit,2,1,1981,0,1.192,1.83705,1.62892911,0.0157,583.8,GJ 1132,2.0,1.0,12.613,3229.0,0.22,0.19,-2.321,5.0,2.0
GJ 1214 b,NIRSpec / BOTS,F290LP,G395H,Transit,1,1,1185,12,2.733,8.41,1.58040453,0.01505,567.0,GJ 1214,1.0,1.0,14.6427,3101.0,0.22,0.18,-2.409,3.0,2.0
GJ 1214 b,NIRSpec / BOTS,F290LP,G395H,Transit,1,1,1185,12,2.733,8.41,1.58040453,0.01505,567.0,GJ 1214,1.0,1.0,14.6427,3101.0,0.22,0.18,-2.409,3.0,2.0
GJ 1214 b,MIRI / LRS,-,-,Phase Curve,1,1,1803,12,2.733,8.41,1.58040453,0.01505,567.0,GJ 1214,1.0,1.0,14.6427,3101.0,0.22,0.18,-2.409,3.0,2.0
GJ 3090 b,NIRSpec / BOTS,F290LP,G395H,Transit,2,2,4098,0,2.13,3.34,2.8531054,0.03165,693.0,GJ 3090,1.0,1.0,22.4751,3556.0,0.52,0.52,-1.342,,1.468
GJ 3090 b,NIRISS / SOSS,-,GR700XD,Transit,2,2,4098,0,2.13,3.34,2.8531054,0.03165,693.0,GJ 3090,1.0,1.0,22.4751,3556.0,0.52,0.52,-1.342,,1.468
GJ 3470 b,NIRCam / GTS,F444W,GRISM,Transit,1,1,1185,12,4.57,13.9,3.3366496,0.0355,593.5,GJ 3470,1.0,1.0,29.4214,3652.0,0.5,0.5,-1.538,1.65,
GJ 3470 b,NIRCam / GTS,F444W,GRISM,Transit,1,1,1185,12,4.57,13.9,3.3366496,0.0355,593.5,GJ 3470,1.0,1.0,29.4214,3652.0,0.5,0.5,-1.538,1.65,
GJ 3470 b,NIRSpec / BOTS,F290LP,G395H,Eclipse,1,1,1201,12,4.57,13.9,3.3366496,0.0355,593.5,GJ 3470,1.0,1.0,29.4214,3652.0,0.5,0.5,-1.538,1.65,
GJ 3470 b,NIRSpec / BOTS,F290LP,G395H,Transit,1,3,4536,0,4.57,13.9,3.3366496,0.0355,593.5,GJ 3470,1.0,1.0,29.4214,3652.0,0.5,0.5,-1.538,1.65,
GJ 3473 b,MIRI / Imaging,F1500W,-,Eclipse,4,2,3730,0,1.264,1.86,1.1980035,0.01589,773.0,GJ 3473,2.0,2.0,27.3644,3347.0,0.36,0.36,-1.824,,2.0
GJ 357 b,NIRSpec / BOTS,F290LP,G395H,Transit,1,1,2512,0,1.2,1.84,3.9306,0.036,518.0,GJ 357,3.0,1.0,9.44181,3505.0,0.34,0.34,-1.798,,2.0
GJ 357 b,MIRI / Imaging,F1500W,-,Eclipse,1,2,3730,0,1.2,1.84,3.9306,0.036,518.0,GJ 357,3.0,1.0,9.44181,3505.0,0.34,0.34,-1.798,,2.0
GJ 367 b,MIRI / LRS,-,-,Phase Curve,1,1,2508,12,0.699,0.633,0.3219225,0.00709,1365.0,GJ 367,3.0,1.0,9.41263,3522.0,0.46,0.46,-1.539,,
GJ 436 b,MIRI / LRS,-,-,Eclipse,2,1,1177,12,4.17,22.1,2.64388312,0.0291,686.0,GJ 436,1.0,1.0,9.75321,3586.11,0.46,0.47,-1.585,6.0,0.33
GJ 436 b,NIRCam / GTS,F322W2,GRISM,Eclipse,3,1,1185,12,4.17,22.1,2.64388312,0.0291,686.0,GJ 436,1.0,1.0,9.75321,3586.11,0.46,0.47,-1.585,6.0,0.33
GJ 436 b,NIRCam / GTS,F444W,GRISM,Eclipse,3,1,1185,12,4.17,22.1,2.64388312,0.0291,686.0,GJ 436,1.0,1.0,9.75321,3586.11,0.46,0.47,-1.585,6.0,0.33
GJ 486 b,MIRI / LRS,-,-,Eclipse,2,1,1743,12,1.289,2.77,1.46712127,0.01714,696.3,GJ 486,1.0,1.0,8.07426,3317.0,0.32,0.31,-1.939,4.0,2.0
GJ 486 b,NIRSpec / BOTS,F290LP,G395H,Transit,2,1,1981,0,1.289,2.77,1.46712127,0.01714,696.3,GJ 486,1.0,1.0,8.07426,3317.0,0.32,0.31,-1.939,4.0,2.0
GJ 486 b,NIRISS / SOSS,-,GR700XD,Transit,3,3,5866,12,1.289,2.77,1.46712127,0.01714,696.3,GJ 486,1.0,1.0,8.07426,3317.0,0.32,0.31,-1.939,4.0,2.0
GJ 806 b,MIRI /LRS,-,SLITLESS,Eclipse,3,3,4931,12,1.331,1.9,0.9263237,0.01406,940.0,GJ 806,2.0,1.0,12.0445,3600.0,0.41,0.41,-1.585,5.0,2.0
GJ 9827 b,MIRI / LRS,-,SLITLESS,Eclipse,1,3,4818,12,1.44,4.28,1.208974,0.0189,1035.01,GJ 9827,3.0,1.0,29.661,4236.0,0.6,0.61,-0.942,5.465,1.5
GJ 9827 d,NIRSpec / BOTS,F290LP,G395H,Transit,2,2,4098,0,1.98,3.02,6.20183,0.053,675.0,GJ 9827,3.0,1.0,29.661,4236.0,0.6,0.61,-1.004,5.465,1.5
GJ 9827 d,NIRISS / SOSS,-,GR700XD,Transit,2,2,4098,0,1.98,3.02,6.20183,0.053,675.0,GJ 9827,3.0,1.0,29.661,4236.0,0.6,0.61,-1.004,5.465,1.5
HAT-P-1 b,NIRISS / SOSS,-,GR700XD,Transit,1,1,1201,12,14.785,166.86075,4.46529976,0.05561,1322.0,HAT-P-1,1.0,2.0,158.979,5980.0,1.17,1.15,0.225,3.6,2.2
HAT-P-1 b,NIRISS / SOSS,-,GR700XD,Eclipse,1,1,1201,12,14.785,166.86075,4.46529976,0.05561,1322.0,HAT-P-1,1.0,2.0,158.979,5980.0,1.17,1.15,0.225,3.6,2.2
HAT-P-1 b,MIRI / LRS,-,-,Transit,1,2,2950,12,14.785,166.86075,4.46529976,0.05561,1322.0,HAT-P-1,1.0,2.0,158.979,5980.0,1.17,1.15,0.225,3.6,2.2
HAT-P-1 b,NIRSpec / BOTS,F290LP,G395H,Transit,1,3,5924,0,14.785,166.86075,4.46529976,0.05561,1322.0,HAT-P-1,1.0,2.0,158.979,5980.0,1.17,1.15,0.225,3.6,2.2
HAT-P-11 b,NIRSpec / BOTS,F290LP,G395H,Transit,2,2,4105,12,4.901,25.0,4.88780244,0.0532,847.0,HAT-P-11,2.0,1.0,37.7647,4653.0,0.68,0.81,-0.567,6.5,0.67
HAT-P-11 b,MIRI / LRS,-,-,Transit,1,2,2950,12,4.901,25.0,4.88780244,0.0532,847.0,HAT-P-11,2.0,1.0,37.7647,4653.0,0.68,0.81,-0.567,6.5,0.67
HAT-P-11 b,NIRISS / SOSS,-,GR700XD,Transit,1,3,5924,0,4.901,25.0,4.88780244,0.0532,847.0,HAT-P-11,2.0,1.0,37.7647,4653.0,0.68,0.81,-0.567,6.5,0.67
HAT-P-12 b,MIRI / LRS,-,-,Transit,1,1,1281,12,10.749,67.059,3.2130598,0.0384,963.0,HAT-P-12,1.0,1.0,142.751,4650.0,0.7,0.73,-0.678,2.5,0.5
HAT-P-12 b,NIRISS / SOSS,-,GR700XD,Transit,1,1,1281,12,10.749,67.059,3.2130598,0.0384,963.0,HAT-P-12,1.0,1.0,142.751,4650.0,0.7,0.73,-0.678,2.5,0.5
HAT-P-12 b,NIRSpec / BOTS,F290LP,G395M,Transit,1,1,1281,12,10.749,67.059,3.2130598,0.0384,963.0,HAT-P-12,1.0,1.0,142.751,4650.0,0.7,0.73,-0.678,2.5,0.5
HAT-P-12 b,MIRI / LRS,-, FIXEDSLIT,Calibration,1,3,6219,0,10.749,67.059,3.2130598,0.0384,963.0,HAT-P-12,1.0,1.0,142.751,4650.0,0.7,0.73,-0.678,2.5,0.5
HAT-P-18 b,NIRSpec / BOTS,F290LP,G395M,Transit,2,3,5844,12,11.153,62.61,5.508023,0.0559,852.0,HAT-P-18,1.0,1.0,161.4,4803.0,0.75,0.77,-0.569,12.4,0.5
HAT-P-18 b,MIRI / LRS,-,SLITLESS,Transit,1,3,5844,12,11.153,62.61,5.508023,0.0559,852.0,HAT-P-18,1.0,1.0,161.4,4803.0,0.75,0.77,-0.569,12.4,0.5
HAT-P-26 b,MIRI / LRS,-,-,Transit,1,1,1177,12,7.062,22.2481,4.23452,0.0479,1001.0,HAT-P-26,1.0,1.0,141.837,5079.0,0.87,1.12,-0.359,9.0,1.8
HAT-P-26 b,MIRI / LRS,-,-,Eclipse,1,1,1312,12,7.062,22.2481,4.23452,0.0479,1001.0,HAT-P-26,1.0,1.0,141.837,5079.0,0.87,1.12,-0.359,9.0,1.8
HAT-P-26 b,NIRISS / SOSS,-,GR700XD,Transit,1,1,1312,12,7.062,22.2481,4.23452,0.0479,1001.0,HAT-P-26,1.0,1.0,141.837,5079.0,0.87,1.12,-0.359,9.0,1.8
HAT-P-26 b,NIRSpec / BOTS,F290LP,G395H,Transit,1,1,1312,12,7.062,22.2481,4.23452,0.0479,1001.0,HAT-P-26,1.0,1.0,141.837,5079.0,0.87,1.12,-0.359,9.0,1.8
HAT-P-26 b,NIRSpec / BOTS,F290LP,G395H,Eclipse,1,1,1312,12,7.062,22.2481,4.23452,0.0479,1001.0,HAT-P-26,1.0,1.0,141.837,5079.0,0.87,1.12,-0.359,9.0,1.8
HAT-P-30 b,NIRSpec / BOTS,F290LP,G395H,Transit,1,2,3838,12,16.141,263.7989,2.8106,0.0419,1630.0,HAT-P-30,1.0,2.0,213.985,6304.0,1.31,1.55,0.312,1.0,2.2
HAT-P-30 b,NIRISS / SOSS,-,GR700XD,Transit,1,3,5924,0,16.141,263.7989,2.8106,0.0419,1630.0,HAT-P-30,1.0,2.0,213.985,6304.0,1.31,1.55,0.312,1.0,2.2
HAT-P-65 b,NIRSpec / BOTS,CLEAR,PRISM,Transit ,2,2,3969,12,18.058,176.07694,2.60544751,0.04042,1818.0,HAT-P-65,1.0,1.0,738.519,5872.0,1.67,1.3,0.473,3.9,7.1
HATS-6 b,NIRSpec / BOTS,CLEAR,PRISM,Transit,2,2,3171,0,11.187,101.38777,3.3252725,0.03623,712.8,HATS-6,1.0,1.0,169.318,3724.0,0.57,0.57,-1.1,8.1,
HATS-72 b,NIRISS / SOSS,-,GR700XD,Transit,1,1,2594,12,8.097,39.85588,7.3279474,0.066517,739.3,HATS-72,1.0,1.0,127.589,4656.1,0.72,0.73,-0.659,12.17,0.8
HATS-72 b,NIRSpec / BOTS,F290LP,G395M,Transit,1,1,2594,12,8.097,39.85588,7.3279474,0.066517,739.3,HATS-72,1.0,1.0,127.589,4656.1,0.72,0.73,-0.659,12.17,0.8
HATS-72 b,NIRSpec / BOTS,CLEAR,PRISM,Transit,1,3,5924,0,8.097,39.85588,7.3279474,0.066517,739.3,HATS-72,1.0,1.0,127.589,4656.1,0.72,0.73,-0.659,12.17,0.8
HATS-75 b,NIRSpec / BOTS,CLEAR,PRISM,Transit,3,2,3171,0,9.909,156.05375,2.7886556,0.032742,772.3,HATS-75,1.0,1.0,194.964,3790.4,0.58,0.6,-1.197,14.9,
HD 106315 c,MIRI / LRS,-,-,Transit,1,2,2950,12,4.35,15.2,21.05704,0.1536,886.0,HD 106315,2.0,1.0,109.353,6327.0,1.29,1.07,0.388,4.48,13.0
HD 149026 b,NIRCam / GTS,F444W,GRISM,Eclipse,1,1,1274,12,8.295,120.7754,2.87589,0.04364,1626.0,HD 149026,1.0,1.0,75.8643,6179.0,1.41,1.42,0.48,2.6,6.0
HD 149026 b,NIRCam / GTS,F322W2,GRISM,Eclipse,1,1,1274,12,8.295,120.7754,2.87589,0.04364,1626.0,HD 149026,1.0,1.0,75.8643,6179.0,1.41,1.42,0.48,2.6,6.0
HD 15337 b,NIRSpec / BOTS,F290LP,G395H,Transit,1,1,2512,0,1.64,7.51,4.75615,0.0522,1001.0,HD 15337,2.0,1.0,44.8155,5125.0,0.86,0.9,-0.326,5.1,1.0
HD 15337 c,NIRSpec / BOTS,F290LP,G395H,Transit,2,1,2512,0,2.39,8.11,17.1784,0.1268,642.0,HD 15337,2.0,1.0,44.8155,5125.0,0.86,0.9,-0.326,5.1,1.0
HD 189733 b,NIRCam / GTS,F444W,GRISM,Eclipse,1,1,1185,12,12.666,359.1479,2.21857567,0.03126,1209.0,HD 189733,1.0,2.0,19.7638,5052.0,0.75,0.83,-0.46,1.4,3.5
HD 189733 b,NIRCam / GTS,F322W2,GRISM,Eclipse,1,1,1274,12,12.666,359.1479,2.21857567,0.03126,1209.0,HD 189733,1.0,2.0,19.7638,5052.0,0.75,0.83,-0.46,1.4,3.5
HD 189733 b,MIRI / MRS,SHORT,-,Transit,1,1,1633,12,12.666,359.1479,2.21857567,0.03126,1209.0,HD 189733,1.0,2.0,19.7638,5052.0,0.75,0.83,-0.46,1.4,3.5
HD 189733 b,MIRI / MRS,MEDIUM,-,Transit,1,1,1633,12,12.666,359.1479,2.21857567,0.03126,1209.0,HD 189733,1.0,2.0,19.7638,5052.0,0.75,0.83,-0.46,1.4,3.5
HD 189733 b,MIRI / MRS,LONG,-,Transit,1,1,1633,12,12.666,359.1479,2.21857567,0.03126,1209.0,HD 189733,1.0,2.0,19.7638,5052.0,0.75,0.83,-0.46,1.4,3.5
HD 189733 b,NIRCam / GTS,F322W2,GRISM,Transit,1,1,1633,12,12.666,359.1479,2.21857567,0.03126,1209.0,HD 189733,1.0,2.0,19.7638,5052.0,0.75,0.83,-0.46,1.4,3.5
HD 189733 b,NIRCam / GTS,F444W,GRISM,Transit,1,1,1633,12,12.666,359.1479,2.21857567,0.03126,1209.0,HD 189733,1.0,2.0,19.7638,5052.0,0.75,0.83,-0.46,1.4,3.5
HD 189733 b,MIRI / LRS,-,-,Transit,1,1,2001,12,12.666,359.1479,2.21857567,0.03126,1209.0,HD 189733,1.0,2.0,19.7638,5052.0,0.75,0.83,-0.46,1.4,3.5
HD 189733 b,MIRI / LRS,-,-,Eclipse,2,1,2021,12,12.666,359.1479,2.21857567,0.03126,1209.0,HD 189733,1.0,2.0,19.7638,5052.0,0.75,0.83,-0.46,1.4,3.5
HD 20329 b,MIRI / LRS,-,SLITLESS,Eclipse,1,3,4818,12,1.72,7.42,0.926118,0.018,2141.0,HD 20329,1.0,1.0,63.6796,5596.0,1.13,0.9,0.049,11.0,3.5
HD 207496 b,NIRCam / GTS,F322W2,GRISM-R,Transit,1,3,6284,12,2.25,6.1,6.441008,0.0629,743.0,HD 207496,1.0,1.0,23.606,4819.0,0.77,0.8,-0.509,0.52,
HD 207496 b,NIRCam / GTS,F444W,GRISM-R,Transit,1,3,6284,12,2.25,6.1,6.441008,0.0629,743.0,HD 207496,1.0,1.0,23.606,4819.0,0.77,0.8,-0.509,0.52,
HD 209458 b,NIRCam / GTS,F322W2,GRISM,Eclipse,1,1,1274,12,15.581,232.0159,3.52474859,0.04707,1459.0,HD 209458,1.0,1.0,48.3016,6091.0,1.18,1.13,0.232,3.1,4.4
HD 209458 b,NIRCam / GTS,F444W,GRISM,Eclipse,1,1,1274,12,15.581,232.0159,3.52474859,0.04707,1459.0,HD 209458,1.0,1.0,48.3016,6091.0,1.18,1.13,0.232,3.1,4.4
HD 209458 b,MIRI / LRS,-,-,Transit,1,1,2667,12,15.581,232.0159,3.52474859,0.04707,1459.0,HD 209458,1.0,1.0,48.3016,6091.0,1.18,1.13,0.232,3.1,4.4
HD 260655 b,MIRI / Imaging,F1500W,,Eclipse,2,2,3730,0,1.24,2.14,2.76953,0.02933,709.0,HD 260655,2.0,1.0,10.0055,3803.0,0.44,0.44,-1.44,5.0,2.0
HD 3167 b,MIRI / LRS,-,SLITLESS,Eclipse,1,3,4818,12,1.67,4.97,0.959641,0.01796,1774.0,HD 3167,4.0,1.0,47.2899,5261.0,0.88,0.84,-0.27,7.8,1.8
HD 80606 b,MIRI / LRS,-,-,Phase Curve,1,1,2008,12,11.994,1392.0954,111.4367,0.4565,405.0,HD 80606,1.0,2.0,66.4711,5561.0,1.04,1.15,-0.002,5.9,1.8
HD 80606 b,NIRSpec / BOTS,F290LP,G395H,Eclipse,1,1,2488,12,11.994,1392.0954,111.4367,0.4565,405.0,HD 80606,1.0,2.0,66.4711,5561.0,1.04,1.15,-0.002,5.9,1.8
HIP 67522 b,NIRSpec / BOTS,F290LP,G395H,Transit,1,1,2498,12,9.987,71.4,6.9594731,0.0748,1175.0,HIP 67522,2.0,1.0,127.28,5675.0,1.38,1.22,0.243,0.017,54.2
K2-141 b,NIRSpec / BOTS,F290LP,G395H,Phase Curve,1,1,2159,12,1.51,4.97,0.2803244,0.00747,2103.0,K2-141,2.0,1.0,61.8736,4570.0,0.68,0.71,-0.75,6.3,3.0
K2-141 b,MIRI / LRS,-,-,Phase Curve,1,1,2347,12,1.51,4.97,0.2803244,0.00747,2103.0,K2-141,2.0,1.0,61.8736,4570.0,0.68,0.71,-0.75,6.3,3.0
K2-18 b,NIRSpec / BOTS,F290LP,G395H,Transit,4,1,2372,12,2.37,8.92,32.939623,0.1429,284.0,K2-18,2.0,1.0,38.0266,3457.0,0.44,0.5,-1.597,,
K2-18 b,NIRSpec / BOTS,F170LP,G235H,Transit,2,1,2372,12,2.37,8.92,32.939623,0.1429,284.0,K2-18,2.0,1.0,38.0266,3457.0,0.44,0.5,-1.597,,
K2-18 b,MIRI / LRS,-,-,Transit,1,1,2722,12,2.37,8.92,32.939623,0.1429,284.0,K2-18,2.0,1.0,38.0266,3457.0,0.44,0.5,-1.597,,
K2-18 b,NIRISS / SOSS,-,GR700XD,Transit,1,1,2722,12,2.37,8.92,32.939623,0.1429,284.0,K2-18,2.0,1.0,38.0266,3457.0,0.44,0.5,-1.597,,
K2-18 b,NIRSpec / BOTS,F290LP,G395H,Transit,1,1,2722,12,2.37,8.92,32.939623,0.1429,284.0,K2-18,2.0,1.0,38.0266,3457.0,0.44,0.5,-1.597,,
K2-22 b,MIRI / LRS,-,-,Transit,2,2,3315,12,2.3,444.962,0.381073,0.009,2100.0,K2-22,1.0,2.0,243.836,3879.0,0.58,0.6,-1.074,,
K2-22 b,MIRI / LRS,-,-,Phase Curve,1,2,3315,12,2.3,444.962,0.381073,0.009,2100.0,K2-22,1.0,2.0,243.836,3879.0,0.58,0.6,-1.074,,
KELT-7 b,NIRSpec / BOTS,F290LP,G395H,Transit,1,2,3838,12,17.934,441.7837,2.73477,0.04415,2048.0,KELT-7,1.0,1.0,136.681,6768.0,1.73,1.54,0.757,1.3,69.3
KELT-7 b,NIRISS / SOSS,-,GR700XD,Transit,1,3,5924,0,17.934,441.7837,2.73477,0.04415,2048.0,KELT-7,1.0,1.0,136.681,6768.0,1.73,1.54,0.757,1.3,69.3
KELT-8 b,MIRI / LRS,- ,SLITLESS,Eclipse,2,3,5687,12,18.159,209.7678,3.24406,0.0455,1675.0,KELT-8,1.0,1.0,197.572,5754.0,1.46,0.81,0.265,5.4,3.7
Kepler-12 b,NIRSpec / BOTS,CLEAR,PRISM,Transit,2,2,3969,12,19.661,137.30256,4.4379629,0.0553,1480.0,Kepler-12,1.0,1.0,881.386,5947.0,1.48,1.17,0.449,4.0,0.8
Kepler-51 b,NIRSpec / BOTS,CLEAR,PRISM,Transit,1,1,2454,12,7.1,2.1,45.154,0.2514,543.0,Kepler-51,4.0,1.0,783.831,6018.0,0.94,1.04,-0.142,0.3,
Kepler-51 d,NIRSpec / BOTS,CLEAR,PRISM,Transit,1,1,2571,12,9.7,7.6,130.194,0.509,381.0,Kepler-51,4.0,1.0,783.831,6018.0,0.94,1.04,-0.142,0.3,
L 168-9 b,NIRSpec / BOTS,F290LP,G395H,Transit,3,1,2512,0,1.63,4.07,1.40152604,0.0208,998.0,L 168-9,1.0,1.0,25.1496,3842.0,0.6,0.59,-1.097,,
L 98-59 b,NIRSpec / BOTS,F290LP,G395H,Transit,4,2,3942,12,0.85,0.4,2.2531136,0.02191,627.0,L 98-59,4.0,1.0,10.6194,3415.0,0.3,0.27,-1.948,0.8,0.0
L 98-59 c,NIRISS / SOSS,-,GR700XD,Transit,1,1,1201,12,1.385,2.22,3.6906777,0.0304,553.0,L 98-59,4.0,1.0,10.6194,3415.0,0.3,0.27,-1.948,0.8,0.0
L 98-59 c,NIRSpec / BOTS,F290LP,G395H,Transit,2,1,2512,0,1.385,2.22,3.6906777,0.0304,553.0,L 98-59,4.0,1.0,10.6194,3415.0,0.3,0.27,-1.948,0.8,0.0
L 98-59 c,MIRI / Imaging,F1500W,-,Eclipse,1,2,3730,0,1.385,2.22,3.6906777,0.0304,553.0,L 98-59,4.0,1.0,10.6194,3415.0,0.3,0.27,-1.948,0.8,0.0
L 98-59 d,NIRISS / SOSS,-,GR700XD,Transit,1,1,1201,12,1.521,1.94,7.4507245,0.0486,416.0,L 98-59,4.0,1.0,10.6194,3415.0,0.3,0.27,-1.948,0.8,0.0
L 98-59 d,NIRSpec / BOTS,F290LP,G395H,Transit,1,1,1224,12,1.521,1.94,7.4507245,0.0486,416.0,L 98-59,4.0,1.0,10.6194,3415.0,0.3,0.27,-1.948,0.8,0.0
L 98-59 d,NIRSpec / BOTS,F290LP,G395H,Transit,1,2,4098,0,1.521,1.94,7.4507245,0.0486,416.0,L 98-59,4.0,1.0,10.6194,3415.0,0.3,0.27,-1.948,0.8,0.0
L 98-59 d,NIRISS / SOSS,-,GR700XD,Transit,1,2,4098,0,1.521,1.94,7.4507245,0.0486,416.0,L 98-59,4.0,1.0,10.6194,3415.0,0.3,0.27,-1.948,0.8,0.0
LHS 1140 b,NIRSpec / BOTS,F290LP,G395H,Transit,1,1,2334,12,1.73,5.6,24.73723,0.0946,226.0,LHS 1140,2.0,1.0,14.9861,3096.0,0.22,0.18,-2.42,5.0,
LHS 1140 b,NIRSpec / BOTS,F170LP,G235H,Transit,1,1,2334,12,1.73,5.6,24.73723,0.0946,226.0,LHS 1140,2.0,1.0,14.9861,3096.0,0.22,0.18,-2.42,5.0,
LHS 1140 b,NIRISS / SOSS,-,GR700XD,Transit,2,2,6543,0,1.73,5.6,24.73723,0.0946,226.0,LHS 1140,2.0,1.0,14.9861,3096.0,0.22,0.18,-2.42,5.0,
LHS 1140 c,MIRI / Imaging,F1500W,-,Eclipse,3,2,3730,0,1.272,1.91,3.77794,0.027,422.0,LHS 1140,2.0,1.0,14.9861,3096.0,0.22,0.18,-2.42,5.0,
LHS 1478 b,MIRI / Imaging,F1500W,-,Eclipse,2,2,3730,0,1.242,2.33,1.9495378,0.01848,595.0,LHS 1478,1.0,1.0,18.2276,3381.0,0.25,0.24,-2.146,,2.0
LHS 3844 b,MIRI / LRS,-,-,Eclipse,3,1,1846,12,1.303,2.25,0.46292913,0.00622,805.0,LHS 3844,1.0,1.0,14.8846,3036.0,0.19,0.15,-2.565,,
LHS 3844 b,NIRSpec / BOTS,F290LP,G395H,Phase Curve,1,2,4008,12,1.303,2.25,0.46292913,0.00622,805.0,LHS 3844,1.0,1.0,14.8846,3036.0,0.19,0.15,-2.565,,
LHS 475 b,NIRSpec / BOTS,F290LP,G395H,Transit,3,1,1981,0,0.991,0.941,2.029088,0.02037,586.0,LHS 475,1.0,1.0,12.4814,3300.0,0.28,0.26,-2.064,,
LP 791-18 b,NIRSpec / BOTS,CLEAR,PRISM,Transit,1,1,1201,12,1.212,1.94,0.9479981,0.00978,564.3,LP 791-18,3.0,1.0,26.4927,2960.0,0.18,0.14,-2.638,0.5,2.0
LP 791-18 d,MIRI / Imaging,F1550W,-,Eclipse,5,3,6457,12,1.032,0.9,2.753436,0.01992,395.5,LP 791-18,3.0,1.0,26.4927,2960.0,0.18,0.14,-2.638,0.5,2.0
LTT 1445 A b,NIRSpec / BOTS,F290LP,G395H,Transit,1,1,2512,0,1.18,2.73,5.35876,0.022,555.0,LTT 1445 A,2.0,3.0,6.86929,3340.0,0.27,0.26,-2.046,,3.4
LTT 1445 A b,MIRI / LRS,-,-,Eclipse,3,1,2708,12,1.18,2.73,5.35876,0.022,555.0,LTT 1445 A,2.0,3.0,6.86929,3340.0,0.27,0.26,-2.046,,3.4
LTT 3780 b,MIRI / Imaging,F1500W,-,Eclipse,2,2,3730,0,1.325,2.46,0.76837931,0.01195,903.0,LTT 3780,2.0,2.0,21.9814,3358.0,0.38,0.38,-1.783,3.1,3.0
LTT 3780 c,NIRSpec / BOTS,F290LP,G395H,Transit,1,2,3557,12,2.39,8.04,12.252284,0.0757,359.0,LTT 3780,2.0,2.0,21.9814,3358.0,0.38,0.38,-1.783,3.1,3.0
LTT 3780 c,NIRISS / SOSS,-,GR700XD,Transit,1,2,3557,12,2.39,8.04,12.252284,0.0757,359.0,LTT 3780,2.0,2.0,21.9814,3358.0,0.38,0.38,-1.783,3.1,3.0
LTT 3780 c,MIRI / LRS,-,-,Transit,1,2,3557,12,2.39,8.04,12.252284,0.0757,359.0,LTT 3780,2.0,2.0,21.9814,3358.0,0.38,0.38,-1.783,3.1,3.0
LTT 9779 b,NIRISS / SOSS,-,GR700XD,Phase Curve,1,1,1201,12,4.72,29.32,0.792052,0.01679,1978.0,LTT 9779,1.0,1.0,80.4373,5443.0,0.95,0.77,-0.149,1.9,1.06
LTT 9779 b,NIRSpec / BOTS,F290LP,G395H,Phase Curve,1,2,3231,12,4.72,29.32,0.792052,0.01679,1978.0,LTT 9779,1.0,1.0,80.4373,5443.0,0.95,0.77,-0.149,1.9,1.06
NGTS-10 b,NIRSpec / BOTS,CLEAR,PRISM,Phase Curve,1,1,2158,12,13.507,687.14846,0.7668944,0.0143,1332.0,NGTS-10,1.0,1.0,324.6986504,4600.0,0.7,0.7,-0.757,10.4,4.0
NGTS-2 b,NIRSpec / BOTS,F290LP,G395H,Transit,1,2,3838,12,17.878,235.1942,4.511164,0.063,1468.0,NGTS-2,1.0,1.0,356.391,6478.0,1.7,1.64,0.631,2.17,15.2
NGTS-2 b,NIRISS / SOSS,-,GR700XD,Transit,1,3,5924,0,17.878,235.1942,4.511164,0.063,1468.0,NGTS-2,1.0,1.0,356.391,6478.0,1.7,1.64,0.631,2.17,15.2
PH2 b,NIRSpec / BOTS,CLEAR,PRISM,Transit,1,2,3235,12,9.337,87.08498,282.52542,0.833,295.1,PH2,1.0,1.0,343.863,5734.0,0.95,0.97,-0.058,4.1,1.43
PSR J2322-2650 b ,NIRSpec / BOTS,CLEAR,PRISM,Phase Curve,1,3,5263,12,NaN,NaN,NaN,NaN,NaN,NaN,NaN,NaN,NaN,NaN,NaN,NaN,NaN,NaN,NaN
PSR J2322-2650 b ,NIRSpec / BOTS,F170LP,G235M,Eclipse,1,3,5263,12,NaN,NaN,NaN,NaN,NaN,NaN,NaN,NaN,NaN,NaN,NaN,NaN,NaN,NaN,NaN
TOI-1075 b,MIRI / LRS,-,SLITLESS,Eclipse,1,3,4818,12,1.791,9.95,0.6047328,0.01159,1323.0,TOI-1075,1.0,1.0,61.4592,3875.0,0.58,0.6,-1.144,6.0,
TOI-1130 b,NIRSpec / BOTS,F290LP,G395H,Transit,1,2,3385,12,3.66,19.8,4.074554,0.0453,825.0,TOI-1130,2.0,1.0,58.2609,4350.0,0.7,0.74,-0.818,5.4,1.2
TOI-1130 b,NIRISS / SOSS,-,GR700XD,Transit,1,2,3385,12,3.66,19.8,4.074554,0.0453,825.0,TOI-1130,2.0,1.0,58.2609,4350.0,0.7,0.74,-0.818,5.4,1.2
TOI-1130 c,NIRSpec / BOTS,F290LP,G395H,Transit,1,2,3385,12,13.0,336.0,8.3501898,0.0731,650.0,TOI-1130,2.0,1.0,58.2609,4350.0,0.7,0.74,-0.818,5.4,1.2
TOI-1130 c,NIRISS / SOSS,-,GR700XD,Transit,1,2,3385,12,13.0,336.0,8.3501898,0.0731,650.0,TOI-1130,2.0,1.0,58.2609,4350.0,0.7,0.74,-0.818,5.4,1.2
TOI-1231 b,NIRSpec / BOTS,F290LP,G395H,Transit,1,2,3557,12,3.65,15.4,24.245586,0.1288,329.6,TOI-1231,1.0,1.0,27.6227,3553.0,0.48,0.49,-1.487,,
TOI-1231 b,NIRISS / SOSS,-,GR700XD,Transit,1,2,3557,12,3.65,15.4,24.245586,0.1288,329.6,TOI-1231,1.0,1.0,27.6227,3553.0,0.48,0.49,-1.487,,
TOI-1231 b,MIRI / LRS,-,-,Transit,1,2,3557,12,3.65,15.4,24.245586,0.1288,329.6,TOI-1231,1.0,1.0,27.6227,3553.0,0.48,0.49,-1.487,,
TOI-125 b,NIRSpec / BOTS,F290LP,G395H,Transit,1,2,4126,12,2.726,9.5,4.65382,0.05186,1037.0,TOI-125,3.0,1.0,111.059,5320.0,0.85,0.86,-0.285,6.8,1.0
TOI-125 c,NIRSpec / BOTS,F290LP,G395H,Transit,1,2,4126,12,2.759,6.63,9.15059,0.0814,827.8,TOI-125,3.0,1.0,111.059,5320.0,0.85,0.86,-0.285,6.8,1.0
TOI-1416 b,MIRI / LRS,-,SLITLESS,Eclipse,1,3,4818,12,1.62,3.48,1.0697568,0.019,1517.0,TOI-1416,1.0,1.0,55.0135,4884.0,0.79,0.8,-0.46,6.9,2.0
TOI-1442 b,MIRI / LRS,-,SLITLESS,Eclipse,1,3,4818,12,1.17,1.71,0.4090677,0.0071,1072.0,TOI-1442,1.0,1.0,41.1659,3330.0,0.31,0.29,-1.977,,
TOI-1468 b,MIRI / Imaging,F1500W,-,Eclipse,3,2,3730,0,1.28,3.21,1.8805136,,682.2,TOI-1468,2.0,1.0,24.7399,3496.0,0.34,0.34,-1.797,,2.0
TOI-1468 c,NIRSpec / BOTS,F290LP,G395H,Transit,1,2,3557,12,2.064,6.64,15.532482,,337.5,TOI-1468,2.0,1.0,24.7399,3496.0,0.34,0.34,-1.797,,2.0
TOI-1468 c,NIRISS / SOSS,-,GR700XD,Transit,1,2,3557,12,2.064,6.64,15.532482,,337.5,TOI-1468,2.0,1.0,24.7399,3496.0,0.34,0.34,-1.797,,2.0
TOI-1468 c,MIRI / LRS,-,-,Transit,1,2,3557,12,2.064,6.64,15.532482,,337.5,TOI-1468,2.0,1.0,24.7399,3496.0,0.34,0.34,-1.797,,2.0
TOI-1685 b,NIRSpec / BOTS,F290LP,G395H,Transit,4,2,4195,12,1.468,3.03,0.66913924,0.01138,1062.0,TOI-1685,1.0,1.0,37.6153,3575.0,0.46,0.45,-1.515,1.0,2.0
TOI-1685 b,NIRISS / SOSS,-,GR700XD,Transit,2,2,4098,0,1.468,3.03,0.66913924,0.01138,1062.0,TOI-1685,1.0,1.0,37.6153,3575.0,0.46,0.45,-1.515,1.0,2.0
TOI-1685 b,NIRSpec / BOTS,F290LP,G395H,Phase Curve,1,2,3263,12,1.468,3.03,0.66913924,0.01138,1062.0,TOI-1685,1.0,1.0,37.6153,3575.0,0.46,0.45,-1.515,1.0,2.0
TOI-178 b,NIRSpec / BOTS,F290LP,G395M,Transit,1,1,2319,12,1.152,1.5,1.914558,0.02607,1040.0,TOI-178,6.0,1.0,62.699,4316.0,0.65,0.65,-0.879,7.1,1.5
TOI-178 d,NIRSpec / BOTS,F290LP,G395M,Transit,1,1,2319,12,2.572,3.01,6.5577,0.0592,690.0,TOI-178,6.0,1.0,62.699,4316.0,0.65,0.65,-0.879,7.1,1.5
TOI-178 g,NIRSpec / BOTS,F290LP,G395M,Transit,1,1,2319,12,2.87,3.94,20.7095,0.1275,470.0,TOI-178,6.0,1.0,62.699,4316.0,0.65,0.65,-0.879,7.1,1.5
TOI-1807 b,MIRI / LRS,-,SLITLESS,Eclipse,1,3,4818,12,1.497,2.44,0.54937097,0.0122,1694.09703376,TOI-1807,1.0,1.0,42.5775,4914.0,0.75,0.8,-0.533,2.1,4.2
TOI-1899 b,NIRSpec / BOTS,CLEAR,PRISM,Transit,1,2,4227,12,11.097,212.94503,29.090312,0.1525,378.0,TOI-1899,1.0,1.0,128.438,3926.0,0.61,0.63,-1.057,7.1,2.0
TOI-199 b,NIRSpec / BOTS,F290LP,G395M,Transit,1,3,5177,12,9.079,54.03083,104.854,0.4254,358.0,TOI-199,2.0,1.0,102.27,5255.0,0.82,0.94,-0.338,0.8,0.5
TOI-2076 b,NIRSpec / BOTS,F290LP,G395H,Transit,1,3,5959,0,2.771,16.1,10.355096,0.088,687.676490765,TOI-2076,3.0,1.0,41.9091,5192.0,0.8,0.86,-0.378,2.7,
TOI-2076 b,NIRISS / SOSS,-,GR700XD,Transit,1,3,5959,0,2.771,16.1,10.355096,0.088,687.676490765,TOI-2076,3.0,1.0,41.9091,5192.0,0.8,0.86,-0.378,2.7,
TOI-2076 c,NIRSpec / BOTS,F290LP,G395H,Transit,1,3,5959,0,3.694,55.0,21.015327,0.142,543.158366233,TOI-2076,3.0,1.0,41.9091,5192.0,0.8,0.86,-0.378,2.7,
TOI-2076 c,NIRISS / SOSS,-,GR700XD,Transit,1,3,5959,0,3.694,55.0,21.015327,0.142,543.158366233,TOI-2076,3.0,1.0,41.9091,5192.0,0.8,0.86,-0.378,2.7,
TOI-2076 d,NIRSpec / BOTS,F290LP,G395H,Transit,1,3,5959,0,3.431,29.0,35.125686,0.199,457.682045097,TOI-2076,3.0,1.0,41.9091,5192.0,0.8,0.86,-0.378,2.7,
TOI-2076 d,NIRISS / SOSS,-,GR700XD,Transit,1,3,5959,0,3.431,29.0,35.125686,0.199,457.682045097,TOI-2076,3.0,1.0,41.9091,5192.0,0.8,0.86,-0.378,2.7,
TOI-2445 b,NIRSpec / BOTS,CLEAR,PRISM,Phase Curve,1,2,3784,12,1.25,2.1,0.3711281,0.0064,1060.0,TOI-2445,1.0,1.0,48.582,3333.0,0.27,0.25,-2.084,,
TOI-260 b,NIRSpec / BOTS,F290LP,G395H,Transit,2,1,2512,0,1.71,4.23,13.475853,0.0943,493.0,TOI-260,1.0,1.0,20.1852,4026.0,0.55,0.55,0.087,15.9,
TOI-270 b,MIRI / Imaging,F1500W,-,Eclipse,4,2,3730,0,1.206,1.58,3.3601538,0.03197,581.0,TOI-270,3.0,1.0,22.4793,3506.0,0.38,0.39,-1.712,,
TOI-270 d,NIRSpec / BOTS,F290LP,G395H,Transit,2,2,4098,0,2.133,4.78,11.379573,0.0721,387.0,TOI-270,3.0,1.0,22.4793,3506.0,0.38,0.39,-1.712,,
TOI-270 d,NIRISS / SOSS,-,GR700XD,Transit,1,2,2759,12,2.133,4.78,11.379573,0.0721,387.0,TOI-270,3.0,1.0,22.4793,3506.0,0.38,0.39,-1.712,,
TOI-270 d,NIRSpec / BOTS,F290LP,G395H,Transit,1,2,3557,12,2.133,4.78,11.379573,0.0721,387.0,TOI-270,3.0,1.0,22.4793,3506.0,0.38,0.39,-1.712,,
TOI-270 d,NIRISS / SOSS,-,GR700XD,Transit,1,2,3557,12,2.133,4.78,11.379573,0.0721,387.0,TOI-270,3.0,1.0,22.4793,3506.0,0.38,0.39,-1.712,,
TOI-270 d,MIRI / LRS,-,-,Transit,1,2,3557,12,2.133,4.78,11.379573,0.0721,387.0,TOI-270,3.0,1.0,22.4793,3506.0,0.38,0.39,-1.712,,
TOI-270 d,NIRSpec / BOTS,F290LP,G395H,Transit,1,2,3818,12,2.133,4.78,11.379573,0.0721,387.0,TOI-270,3.0,1.0,22.4793,3506.0,0.38,0.39,-1.712,,
TOI-270 d,NIRISS / SOSS,-,GR700XD,Transit,1,2,4098,0,2.133,4.78,11.379573,0.0721,387.0,TOI-270,3.0,1.0,22.4793,3506.0,0.38,0.39,-1.712,,
TOI-3235 b,NIRSpec / BOTS,CLEAR,PRISM,Transit,1,2,3731,12,11.4,211.35589,2.59261842,0.02709,604.0,TOI-3235,1.0,1.0,72.811,3388.8,0.37,0.39,-1.79,,
TOI-3714 b,NIRSpec / BOTS,CLEAR,PRISM,Transit,3,2,3171,0,11.321,222.47988,2.154849,0.027,750.0,TOI-3714,1.0,2.0,112.71,3660.0,0.51,0.53,-1.407,2.9,2.0
TOI-3757 b,NIRSpec / BOTS,CLEAR,PRISM,Transit,2,2,3171,0,12.0,85.3,3.438753,0.03845,759.0,TOI-3757,1.0,1.0,181.139,3913.0,0.62,0.64,-1.06,7.1,2.0
TOI-3844.01,NIRISS / SOSS,-,GR700XD,Transit,2,3,5799,12,NaN,NaN,NaN,NaN,NaN,NaN,NaN,NaN,NaN,NaN,NaN,NaN,NaN,NaN,NaN
TOI-3844.01,NIRSpec / BOTS,F290LP,G395H,Transit,1,3,5799,12,NaN,NaN,NaN,NaN,NaN,NaN,NaN,NaN,NaN,NaN,NaN,NaN,NaN,NaN,NaN
TOI-3884 b,NIRISS / SOSS,-,GR700XD,Transit,2,3,5863,12,6.43,32.59,4.5445828,0.0361,441.0,TOI-3884,1.0,1.0,43.1448,3180.0,0.3,0.3,-2.032,,3.59
TOI-3884 b,NIRSpec / BOTS,F290LP,G395M,Transit,2,3,5863,12,6.43,32.59,4.5445828,0.0361,441.0,TOI-3884,1.0,1.0,43.1448,3180.0,0.3,0.3,-2.032,,3.59
TOI-3984 A b,NIRSpec / BOTS,CLEAR,PRISM,Transit,3,2,3171,0,7.9,44.0,4.353326,0.041,563.0,TOI-3984 A,1.0,2.0,108.883,3476.0,0.47,0.49,-1.574,2.9,2.0
TOI-4010 b,NIRSpec / BOTS,CLEAR,PRISM,Transit,1,3,5894,12,3.02,11.0,1.348335,0.0229,1441.0,TOI-4010,4.0,1.0,177.504,4960.0,0.83,0.88,-0.4,6.1,1.3
TOI-4010 c,NIRSpec / BOTS,CLEAR,PRISM,Transit,1,3,5894,12,5.93,20.31,5.414654,0.058,907.0,TOI-4010,4.0,1.0,177.504,4960.0,0.83,0.88,-0.4,6.1,1.3
TOI-4010 d,NIRSpec / BOTS,CLEAR,PRISM,Transit,1,3,5894,12,6.18,38.15,14.70886,0.113,650.0,TOI-4010,4.0,1.0,177.504,4960.0,0.83,0.88,-0.4,6.1,1.3
TOI-421 b,NIRISS / SOSS,-,GR700XD,Transit,1,1,1935,12,2.64,6.7,5.197576,0.0554,922.0,TOI-421,2.0,2.0,74.7969,5291.0,0.87,0.83,-0.268,10.9,1.8
TOI-421 b,NIRSpec / BOTS,F290LP,G395M,Transit,1,1,1935,12,2.64,6.7,5.197576,0.0554,922.0,TOI-421,2.0,2.0,74.7969,5291.0,0.87,0.83,-0.268,10.9,1.8
TOI-431 b,MIRI / LRS,-,SLITLESS,Eclipse,1,3,4818,12,1.28,3.07,0.490047,0.0113,1862.0,TOI-431,3.0,1.0,32.5686,4850.0,0.73,0.78,-0.565,,2.5
TOI-4336.01,NIRISS / SOSS,-,GR700XD,Transit,1,3,4711,12,NaN,NaN,NaN,NaN,NaN,NaN,NaN,NaN,NaN,NaN,NaN,NaN,NaN,NaN,NaN
TOI-4336.01,NIRSpec / BOTS,F290LP,G395H,Transit,1,3,4711,12,NaN,NaN,NaN,NaN,NaN,NaN,NaN,NaN,NaN,NaN,NaN,NaN,NaN,NaN,NaN
TOI-451 c,NIRSpec / BOTS,F290LP,G395H,Transit,1,3,5959,0,3.1,9.8,9.192522,0.0823,875.0,TOI-451,3.0,2.0,123.739,5550.0,0.88,0.95,-0.189,0.12,7.9
TOI-451 c,NIRISS / SOSS,-,GR700XD,Transit,1,3,5959,0,3.1,9.8,9.192522,0.0823,875.0,TOI-451,3.0,2.0,123.739,5550.0,0.88,0.95,-0.189,0.12,7.9
TOI-451 d,NIRSpec / BOTS,F290LP,G395H,Transit,1,3,5959,0,4.07,15.6,16.364988,0.1208,722.0,TOI-451,3.0,2.0,123.739,5550.0,0.88,0.95,-0.189,0.12,7.9
TOI-451 d,NIRISS / SOSS,-,GR700XD,Transit,1,3,5959,0,4.07,15.6,16.364988,0.1208,722.0,TOI-451,3.0,2.0,123.739,5550.0,0.88,0.95,-0.189,0.12,7.9
TOI-500 b,MIRI / LRS,-,SLITLESS,Eclipse,1,3,4818,12,1.166,1.42,0.548177,0.01189,1617.0,TOI-500,4.0,1.0,47.3924,4440.0,0.68,0.74,-0.7,5.0,1.1
TOI-5205 b,NIRSpec / BOTS,CLEAR,PRISM,Transit,3,2,3171,0,11.6,343.0,1.630757,0.0199,737.0,TOI-5205,1.0,1.0,86.4493,3430.0,0.39,0.39,-1.712,,2.0
TOI-5205 b,NIRSpec / BOTS,CLEAR,PRISM,Transit,1,2,3731,12,11.6,343.0,1.630757,0.0199,737.0,TOI-5205,1.0,1.0,86.4493,3430.0,0.39,0.39,-1.712,,2.0
TOI-5293 A b,NIRSpec / BOTS,CLEAR,PRISM,Transit,2,2,3171,0,11.9,170.4,2.930289,0.034,675.0,TOI-5293 A,1.0,2.0,162.229,3586.0,0.52,0.54,-1.374,2.9,2.0
TOI-561 b,NIRSpec / BOTS,F290LP,G395H,Transit,1,2,3860,12,1.425,2.0,0.4465688,0.0106,2310.0,TOI-561,4.0,1.0,85.799,5342.0,0.84,0.79,-0.247,11.0,2.0
TOI-561 b,MIRI / LRS,-,SLITLESS,Eclipse,1,3,4818,12,1.425,2.0,0.4465688,0.0106,2310.0,TOI-561,4.0,1.0,85.799,5342.0,0.84,0.79,-0.247,11.0,2.0
TOI-700 d,NIRISS / SOSS,-, GR700XD,Transit,1,3,6193,12,1.073,1.25,37.42396,0.1633,268.8,TOI-700,4.0,1.0,31.1265,3459.0,0.42,0.42,-1.64,1.5,
TOI-700 e,NIRISS / SOSS,-, GR700XD,Transit,1,3,6193,12,0.953,0.818,27.80978,0.134,272.897605776,TOI-700,4.0,1.0,31.1265,3459.0,0.42,0.42,-1.64,1.5,
TOI-741.01,NIRCam / GTS,F444W,GRISM,Transit,3,1,1981,0,NaN,NaN,NaN,NaN,NaN,NaN,NaN,NaN,NaN,NaN,NaN,NaN,NaN,NaN,NaN
TOI-776 b,NIRSpec / BOTS,F290LP,G395H,Transit,2,1,2512,0,1.798,5.0,8.24662,0.0653,520.0,TOI-776,2.0,1.0,27.1701,3725.0,0.55,0.54,-1.31,6.1,2.2
TOI-776 c,NIRSpec / BOTS,F290LP,G395H,Transit,2,1,2512,0,2.047,6.9,15.665323,0.1001,420.0,TOI-776,2.0,1.0,27.1701,3725.0,0.55,0.54,-1.31,6.1,2.2
TOI-824 b,NIRSpec / BOTS,F290LP,G395H,Eclipse,2,2,4102,12,2.926,18.467,1.392978,0.02177,1253.0,TOI-824,1.0,1.0,63.9262,4600.0,0.7,0.71,-0.71,7.5,2.165
TOI-836 b,NIRSpec / BOTS,F290LP,G395H,Transit,1,1,2512,0,1.704,4.53,3.81673,0.0422,871.0,TOI-836,2.0,1.0,27.5024,4552.0,0.67,0.68,-0.853,5.4,1.86
TOI-836 c,NIRSpec / BOTS,F290LP,G395H,Transit,2,1,2512,0,2.587,9.6,8.59545,0.075,665.0,TOI-836,2.0,1.0,27.5024,4552.0,0.67,0.68,-0.853,5.4,1.86
TOI-849 b,NIRSpec / BOTS,F290LP,G395H,Eclipse,3,3,5967,12,3.64,41.8,0.765548,0.0155,1932.0,TOI-849,1.0,1.0,225.734,5257.0,0.97,0.97,-0.218,6.7,
TRAPPIST-1 b,MIRI / Imaging,F1500W,-,Eclipse,5,1,1177,12,1.116,1.374,1.510826,0.01154,397.6,TRAPPIST-1,7.0,1.0,12.4298888,2566.0,0.12,0.09,-3.257,0.5,2.04
TRAPPIST-1 b,MIRI / Imaging,F1280W,-,Eclipse,5,1,1279,12,1.116,1.374,1.510826,0.01154,397.6,TRAPPIST-1,7.0,1.0,12.4298888,2566.0,0.12,0.09,-3.257,0.5,2.04
TRAPPIST-1 b,NIRISS / SOSS,-,GR700XD,Transit,2,1,2589,0,1.116,1.374,1.510826,0.01154,397.6,TRAPPIST-1,7.0,1.0,12.4298888,2566.0,0.12,0.09,-3.257,0.5,2.04
TRAPPIST-1 b,MIRI / Imaging,F1500W,-,Phase Curve,1,2,3077,12,1.116,1.374,1.510826,0.01154,397.6,TRAPPIST-1,7.0,1.0,12.4298888,2566.0,0.12,0.09,-3.257,0.5,2.04
TRAPPIST-1 b,MIRI / Imaging,F1550W,-,Eclipse,4,3,5191,12,1.116,1.374,1.510826,0.01154,397.6,TRAPPIST-1,7.0,1.0,12.4298888,2566.0,0.12,0.09,-3.257,0.5,2.04
TRAPPIST-1 b,NIRSpec / BOTS,CLEAR,PRISM,Transit,6,3,6456,0,1.116,1.374,1.510826,0.01154,397.6,TRAPPIST-1,7.0,1.0,12.4298888,2566.0,0.12,0.09,-3.257,0.5,2.04
TRAPPIST-1 c,MIRI / Imaging,F1500W,-,Eclipse,4,1,2304,12,1.097,1.308,2.421937,0.0158,339.7,TRAPPIST-1,7.0,1.0,12.4298888,2566.0,0.12,0.09,-3.257,0.5,2.04
TRAPPIST-1 c,NIRSpec / BOTS,CLEAR,PRISM,Transit,4,1,2420,0,1.097,1.308,2.421937,0.0158,339.7,TRAPPIST-1,7.0,1.0,12.4298888,2566.0,0.12,0.09,-3.257,0.5,2.04
TRAPPIST-1 c,NIRISS / SOSS,-,GR700XD,Transit,2,1,2589,0,1.097,1.308,2.421937,0.0158,339.7,TRAPPIST-1,7.0,1.0,12.4298888,2566.0,0.12,0.09,-3.257,0.5,2.04
TRAPPIST-1 c,MIRI / Imaging,F1500W,-,Phase Curve,1,2,3077,12,1.097,1.308,2.421937,0.0158,339.7,TRAPPIST-1,7.0,1.0,12.4298888,2566.0,0.12,0.09,-3.257,0.5,2.04
TRAPPIST-1 c,MIRI / Imaging,F1550W,-,Eclipse,4,3,5191,12,1.097,1.308,2.421937,0.0158,339.7,TRAPPIST-1,7.0,1.0,12.4298888,2566.0,0.12,0.09,-3.257,0.5,2.04
TRAPPIST-1 d,NIRSpec / BOTS,CLEAR,PRISM,Transit,2,1,1201,12,0.788,0.388,4.049219,0.02227,286.2,TRAPPIST-1,7.0,1.0,12.4298888,2566.0,0.12,0.09,-3.257,0.5,2.04
TRAPPIST-1 e,NIRSpec / BOTS,CLEAR,PRISM,Transit,4,1,1331,12,0.92,0.692,6.101013,0.02925,249.7,TRAPPIST-1,7.0,1.0,12.4298888,2566.0,0.12,0.09,-3.257,0.5,2.04
TRAPPIST-1 e,NIRSpec / BOTS,CLEAR,PRISM,Transit,6,3,6456,0,0.92,0.692,6.101013,0.02925,249.7,TRAPPIST-1,7.0,1.0,12.4298888,2566.0,0.12,0.09,-3.257,0.5,2.04
TRAPPIST-1 f,NIRISS / SOSS,-,GR700XD,Transit,5,1,1201,12,1.045,1.039,9.20754,0.03849,217.7,TRAPPIST-1,7.0,1.0,12.4298888,2566.0,0.12,0.09,-3.257,0.5,2.04
TRAPPIST-1 g,NIRSpec / BOTS,CLEAR,PRISM,Transit,2,1,2589,0,1.129,1.321,12.352446,0.04683,197.3,TRAPPIST-1,7.0,1.0,12.4298888,2566.0,0.12,0.09,-3.257,0.5,2.04
TRAPPIST-1 h,NIRSpec / BOTS,CLEAR,PRISM,Transit,3,1,1981,0,0.755,0.326,18.772866,0.06189,171.7,TRAPPIST-1,7.0,1.0,12.4298888,2566.0,0.12,0.09,-3.257,0.5,2.04
TrES-4 b,NIRSpec / BOTS,F290LP,G395H,Transit,1,2,3838,12,18.046,247.9074,3.55395,0.05084,1778.0,TrES-4,1.0,2.0,515.98,6200.0,1.66,1.08,0.726,2.2,8.5
V1298 Tau b,NIRSpec / BOTS,F290LP,G395H,Transit,1,1,2149,12,10.27,203.41018,24.1396,0.1688,677.0,V1298 Tau,4.0,3.0,108.199,4941.0,1.41,1.14,-0.038,0.023,24.77
V1298 Tau c,NIRSpec / BOTS,F290LP,G395H,Transit,1,1,2149,12,5.59,76.27882,8.24958,0.0825,968.0,V1298 Tau,4.0,3.0,108.199,4941.0,1.41,1.14,-0.038,0.023,24.77
V1298 Tau c,NIRSpec / BOTS,F290LP,G395H,Transit,1,3,5959,0,5.59,76.27882,8.24958,0.0825,968.0,V1298 Tau,4.0,3.0,108.199,4941.0,1.41,1.14,-0.038,0.023,24.77
V1298 Tau c,NIRISS / SOSS,-,GR700XD,Transit,1,3,5959,0,5.59,76.27882,8.24958,0.0825,968.0,V1298 Tau,4.0,3.0,108.199,4941.0,1.41,1.14,-0.038,0.023,24.77
V1298 Tau d,NIRSpec / BOTS,F290LP,G395H,Transit,1,3,5882,12,6.41,98.52681,12.4032,0.1083,845.0,V1298 Tau,4.0,3.0,108.199,4941.0,1.41,1.14,-0.038,0.023,24.77
V1298 Tau d,NIRSpec / BOTS,F290LP,G395H,Transit,1,3,5959,0,6.41,98.52681,12.4032,0.1083,845.0,V1298 Tau,4.0,3.0,108.199,4941.0,1.41,1.14,-0.038,0.023,24.77
V1298 Tau d,NIRISS / SOSS,-,GR700XD,Transit,1,3,5959,0,6.41,98.52681,12.4032,0.1083,845.0,V1298 Tau,4.0,3.0,108.199,4941.0,1.41,1.14,-0.038,0.023,24.77
V1298 Tau e,NIRSpec / BOTS,F290LP,G395H,Transit,1,3,5882,12,9.976,321.00669,53.5,0.2409,492.0,V1298 Tau,4.0,3.0,108.199,4941.0,1.41,1.14,-0.038,0.013,24.77
WASP-103 b,NIRSpec / BOTS,CLEAR,PRISM,Phase Curve,1,3,5022,12,17.127,473.547,0.925542,0.01985,2508.0,WASP-103,1.0,1.0,375.647,6110.0,1.44,1.22,0.413,4.0,10.6
WASP-107 b,NIRCam / GTS,F444W,GRISM,Transit,1,1,1185,12,10.536,30.5,5.7214742,0.055,736.0,WASP-107,2.0,1.0,64.7414,4425.0,0.66,0.68,-0.811,3.4,0.507
WASP-107 b,NIRCam / GTS,F322W2,GRISM,Transit,1,1,1185,12,10.536,30.5,5.7214742,0.055,736.0,WASP-107,2.0,1.0,64.7414,4425.0,0.66,0.68,-0.811,3.4,0.507
WASP-107 b,NIRISS / SOSS,-,GR700XD,Transit,1,1,1201,12,10.536,30.5,5.7214742,0.055,736.0,WASP-107,2.0,1.0,64.7414,4425.0,0.66,0.68,-0.811,3.4,0.507
WASP-107 b,NIRSpec / BOTS,F290LP,G395H,Eclipse,1,1,1201,12,10.536,30.5,5.7214742,0.055,736.0,WASP-107,2.0,1.0,64.7414,4425.0,0.66,0.68,-0.811,3.4,0.507
WASP-107 b,NIRSpec / BOTS,F290LP,G395H,Transit,1,1,1224,12,10.536,30.5,5.7214742,0.055,736.0,WASP-107,2.0,1.0,64.7414,4425.0,0.66,0.68,-0.811,3.4,0.507
WASP-107 b,MIRI / LRS,-,-,Transit,1,1,1280,12,10.536,30.5,5.7214742,0.055,736.0,WASP-107,2.0,1.0,64.7414,4425.0,0.66,0.68,-0.811,3.4,0.507
WASP-12 b,NIRSpec / BOTS,CLEAR,PRISM,Transit,1,3,5924,0,21.712,465.62095,1.09142,0.0232,2592.6,WASP-12,1.0,3.0,427.246,6313.0,1.66,1.43,0.536,2.0,1.6
WASP-121 b,NIRISS / SOSS,-,GR700XD,Phase Curve,1,1,1201,12,19.649,367.72747,1.27492504,0.02596,2720.0,WASP-121,1.0,1.0,269.898,6776.0,1.46,1.36,0.644,1.5,13.5
WASP-121 b,NIRSpec / BOTS,F290LP,G395H,Phase Curve,1,1,1729,12,19.649,367.72747,1.27492504,0.02596,2720.0,WASP-121,1.0,1.0,269.898,6776.0,1.46,1.36,0.644,1.5,13.5
WASP-121 b,MIRI / LRS,-,-,Eclipse,1,2,2961,12,19.649,367.72747,1.27492504,0.02596,2720.0,WASP-121,1.0,1.0,269.898,6776.0,1.46,1.36,0.644,1.5,13.5
WASP-127 b,NIRISS / SOSS,-,GR700XD,Transit,1,1,1201,12,14.695,52.3466,4.17806203,0.0484,1400.0,WASP-127,1.0,2.0,159.507,5620.0,1.33,0.95,0.258,11.41,0.3
WASP-127 b,NIRSpec / BOTS,F290LP,G395H,Transit,1,1,2437,12,14.695,52.3466,4.17806203,0.0484,1400.0,WASP-127,1.0,2.0,159.507,5620.0,1.33,0.95,0.258,11.41,0.3
WASP-15 b,NIRSpec / BOTS,F290LP,G395H,Transit,1,2,3838,12,15.805,171.6282,3.7521,0.05165,1676.0,WASP-15,1.0,1.0,282.091,6300.0,1.48,1.18,0.49,2.4,4.27
WASP-166 b,NIRISS / SOSS,-,GR700XD,Transit,1,1,2062,12,7.062,32.10083,5.44354,0.0641,1270.0,WASP-166,1.0,1.0,114.173,6050.0,1.29,1.19,0.283,2.1,5.4
WASP-166 b,NIRSpec / BOTS,F290LP,G395M,Transit,1,1,2062,12,7.062,32.10083,5.44354,0.0641,1270.0,WASP-166,1.0,1.0,114.173,6050.0,1.29,1.19,0.283,2.1,5.4
WASP-17 b,MIRI / LRS,-,-,Eclipse,1,1,1353,12,20.961,247.9074,3.73543,0.0515,1755.0,WASP-17,1.0,1.0,405.908,6666.0,1.58,1.31,0.539,2.65,9.92
WASP-17 b,MIRI / LRS,-,-,Transit,1,1,1353,12,20.961,247.9074,3.73543,0.0515,1755.0,WASP-17,1.0,1.0,405.908,6666.0,1.58,1.31,0.539,2.65,9.92
WASP-17 b,NIRISS / SOSS,-,GR700XD,Eclipse,1,1,1353,12,20.961,247.9074,3.73543,0.0515,1755.0,WASP-17,1.0,1.0,405.908,6666.0,1.58,1.31,0.539,2.65,9.92
WASP-17 b,NIRISS / SOSS,-,GR700XD,Transit,1,1,1353,12,20.961,247.9074,3.73543,0.0515,1755.0,WASP-17,1.0,1.0,405.908,6666.0,1.58,1.31,0.539,2.65,9.92
WASP-17 b,NIRSpec / BOTS,F290LP,G395H,Eclipse,1,1,1353,12,20.961,247.9074,3.73543,0.0515,1755.0,WASP-17,1.0,1.0,405.908,6666.0,1.58,1.31,0.539,2.65,9.92
WASP-17 b,NIRSpec / BOTS,F290LP,G395H,Transit,1,1,1353,12,20.961,247.9074,3.73543,0.0515,1755.0,WASP-17,1.0,1.0,405.908,6666.0,1.58,1.31,0.539,2.65,9.92
WASP-178 b,NIRSpec / BOTS,F290LP,G395H,Transit,1,1,2055,12,20.288,527.5978,3.3448285,0.0558,2470.0,WASP-178,1.0,1.0,427.678,9360.0,1.67,2.07,1.215,0.43,8.2
WASP-18 b,NIRISS / SOSS,-,GR700XD,Eclipse,1,1,1366,0,13.899,3241.84975,0.94145223,0.02024,2429.0,WASP-18,2.0,2.0,123.483,6432.0,1.32,1.29,0.428,1.57,11.0
WASP-189 b,NIRISS / SOSS,-,GR700XD,Transit,1,2,3279,0,18.147,632.47853,2.724033,0.05053,3353.0,WASP-189,1.0,1.0,99.731,8000.0,2.36,2.03,1.262,0.73,93.1
WASP-19 b,NIRSpec / BOTS,CLEAR,PRISM,Eclipse,1,1,1274,12,15.861,366.77398,0.78883852,0.01652,2113.0,WASP-19,1.0,1.0,268.325,5616.0,1.01,0.97,-0.043,6.4,4.63
WASP-19 b,NIRSpec / BOTS,CLEAR,PRISM,Transit,1,3,5924,0,15.861,366.77398,0.78883852,0.01652,2113.0,WASP-19,1.0,1.0,268.325,5616.0,1.01,0.97,-0.043,6.4,4.63
WASP-39 b,NIRCam / GTS,F322W2,GRISM,Transit,1,1,1366,0,14.93,88.989,4.0552842,0.0486,1166.0,WASP-39,1.0,1.0,213.982,5485.0,0.92,0.93,-0.199,9.0,1.0
WASP-39 b,NIRISS / SOSS,-,GR700XD,Transit,1,1,1366,0,14.93,88.989,4.0552842,0.0486,1166.0,WASP-39,1.0,1.0,213.982,5485.0,0.92,0.93,-0.199,9.0,1.0
WASP-39 b,NIRSpec / BOTS,F290LP,G395H,Transit,1,1,1366,0,14.93,88.989,4.0552842,0.0486,1166.0,WASP-39,1.0,1.0,213.982,5485.0,0.92,0.93,-0.199,9.0,1.0
WASP-39 b,NIRSpec / BOTS,CLEAR,PRISM,Transit,1,1,1366,0,14.93,88.989,4.0552842,0.0486,1166.0,WASP-39,1.0,1.0,213.982,5485.0,0.92,0.93,-0.199,9.0,1.0
WASP-39 b,MIRI / LRS,-,-,Transit,1,1,2783,0,14.93,88.989,4.0552842,0.0486,1166.0,WASP-39,1.0,1.0,213.982,5485.0,0.92,0.93,-0.199,9.0,1.0
WASP-39 b,NIRSpec / BOTS,F290LP,G395H,Eclipse,1,3,5634,12,14.93,88.989,4.0552842,0.0486,1166.0,WASP-39,1.0,1.0,213.982,5485.0,0.92,0.93,-0.199,9.0,1.0
WASP-43 b,NIRSpec / BOTS,F290LP,G395H,Phase Curve,1,1,1224,12,10.424,565.714,0.813475,0.0142,1426.7,WASP-43,1.0,1.0,86.7467,4400.0,0.6,0.58,-0.825,7.0,4.0
WASP-43 b,MIRI / LRS,-,-,Phase Curve,1,1,1366,0,10.424,565.714,0.813475,0.0142,1426.7,WASP-43,1.0,1.0,86.7467,4400.0,0.6,0.58,-0.825,7.0,4.0
WASP-47 e,NIRSpec / BOTS,F290LP,G395H,Eclipse,2,2,3615,12,1.83,9.0,0.78961,0.01673,,WASP-47,4.0,1.0,264.78,5371.0,1.16,1.04,0.024,6.5,1.8
WASP-52 b,NIRISS / SOSS,-,GR700XD,Transit,1,1,1201,12,14.24,146.2,1.7497798,0.0272,1315.0,WASP-52,1.0,1.0,174.818,5008.37,0.79,0.87,-0.378,0.4,3.6
WASP-52 b,NIRSpec / BOTS,CLEAR,PRISM,Eclipse,1,1,1224,12,14.24,146.2,1.7497798,0.0272,1315.0,WASP-52,1.0,1.0,174.818,5008.37,0.79,0.87,-0.378,0.4,3.6
WASP-52 b,NIRSpec / BOTS,F290LP,G395H,Transit,1,2,3969,12,14.24,146.2,1.7497798,0.0272,1315.0,WASP-52,1.0,1.0,174.818,5008.37,0.79,0.87,-0.378,0.4,3.6
WASP-6 b,NIRSpec / BOTS,CLEAR,PRISM,Transit,1,3,5924,0,11.545,117.5971,3.36101,0.04217,1184.0,WASP-6,1.0,1.0,197.119,5450.0,0.73,0.55,-0.297,11.0,1.4
WASP-63 b,NIRISS / SOSS,-,GR700XD,Transit,1,1,2113,12,15.805,117.5971,4.37808,0.0574,1469.90841337,WASP-63,1.0,1.0,290.684,5550.0,1.86,1.28,0.449,8.3,2.8
WASP-63 b,NIRSpec / BOTS,F290LP,G395H,Transit,1,3,5924,0,15.805,117.5971,4.37808,0.0574,1469.90841337,WASP-63,1.0,1.0,290.684,5550.0,1.86,1.28,0.449,8.3,2.8
WASP-69 b,MIRI / LRS,-,-,Eclipse,1,1,1177,12,12.442,92.1707,3.86814,0.04525,963.0,WASP-69,1.0,1.0,49.9605,4700.0,0.86,0.98,-0.468,7.0,2.2
WASP-69 b,NIRCam / GTS,F444W,GRISM,Eclipse,1,1,1185,12,12.442,92.1707,3.86814,0.04525,963.0,WASP-69,1.0,1.0,49.9605,4700.0,0.86,0.98,-0.468,7.0,2.2
WASP-69 b,NIRCam / GTS,F322W2,GRISM,Eclipse,1,1,1185,12,12.442,92.1707,3.86814,0.04525,963.0,WASP-69,1.0,1.0,49.9605,4700.0,0.86,0.98,-0.468,7.0,2.2
WASP-69 b,NIRSpec / BOTS,F290LP,G395H,Transit,1,2,3712,12,12.442,92.1707,3.86814,0.04525,963.0,WASP-69,1.0,1.0,49.9605,4700.0,0.86,0.98,-0.468,7.0,2.2
WASP-69 b,MIRI / LRS,-,-,Transit,1,2,3712,12,12.442,92.1707,3.86814,0.04525,963.0,WASP-69,1.0,1.0,49.9605,4700.0,0.86,0.98,-0.468,7.0,2.2
WASP-69 b,NIRISS / SOSS,-,GR700XD,Transit,1,3,5924,0,12.442,92.1707,3.86814,0.04525,963.0,WASP-69,1.0,1.0,49.9605,4700.0,0.86,0.98,-0.468,7.0,2.2
WASP-76 b,NIRSpec / BOTS,F290LP,G395H,Phase Curve,1,3,5268,12,20.781,284.1386,1.80988198,0.033,2228.0,WASP-76,1.0,2.0,194.459,6329.0,1.76,1.46,0.654,1.816,1.48
WASP-76 b,MIRI / LRS,-,SLITLESS,Transit,1,3,6045,12,20.781,284.1386,1.80988198,0.033,2228.0,WASP-76,1.0,2.0,194.459,6329.0,1.76,1.46,0.654,1.816,1.48
WASP-76 b,NIRISS / SOSS,-,GR700XD,Transit,1,3,5924,0,20.781,284.1386,1.80988198,0.033,2228.0,WASP-76,1.0,2.0,194.459,6329.0,1.76,1.46,0.654,1.816,1.48
WASP-77 A b,NIRSpec / BOTS,F290LP,G395H,Eclipse,1,1,1274,12,13.787,529.81995,1.36002854,0.02335,1715.0,WASP-77 A,1.0,2.0,105.166,5617.0,0.91,0.9,-0.129,6.2,4.0
WASP-80 b,MIRI / LRS,-,-,Transit,1,1,1177,12,11.198,170.99254,3.06785234,0.0344,825.0,WASP-80,1.0,1.0,49.7876,4143.0,0.59,0.58,-1.04,7.0,1.27
WASP-80 b,MIRI / LRS,-,-,Eclipse,1,1,1177,12,11.198,170.99254,3.06785234,0.0344,825.0,WASP-80,1.0,1.0,49.7876,4143.0,0.59,0.58,-1.04,7.0,1.27
WASP-80 b,NIRCam / GTS,F444W,GRISM,Transit,1,1,1185,12,11.198,170.99254,3.06785234,0.0344,825.0,WASP-80,1.0,1.0,49.7876,4143.0,0.59,0.58,-1.04,7.0,1.27
WASP-80 b,NIRCam / GTS,F444W,GRISM,Eclipse,1,1,1185,12,11.198,170.99254,3.06785234,0.0344,825.0,WASP-80,1.0,1.0,49.7876,4143.0,0.59,0.58,-1.04,7.0,1.27
WASP-80 b,NIRCam / GTS,F322W2,GRISM,Transit,1,1,1185,12,11.198,170.99254,3.06785234,0.0344,825.0,WASP-80,1.0,1.0,49.7876,4143.0,0.59,0.58,-1.04,7.0,1.27
WASP-80 b,NIRCam / GTS,F322W2,GRISM,Eclipse,1,1,1185,12,11.198,170.99254,3.06785234,0.0344,825.0,WASP-80,1.0,1.0,49.7876,4143.0,0.59,0.58,-1.04,7.0,1.27
WASP-80 b,NIRISS / SOSS,-,GR700XD,Eclipse,1,1,1201,12,11.198,170.99254,3.06785234,0.0344,825.0,WASP-80,1.0,1.0,49.7876,4143.0,0.59,0.58,-1.04,7.0,1.27
WASP-80 b,NIRISS / SOSS,-,GR700XD,Transit,1,3,5924,0,11.198,170.99254,3.06785234,0.0344,825.0,WASP-80,1.0,1.0,49.7876,4143.0,0.59,0.58,-1.04,7.0,1.27
WASP-94 A b,NIRSpec / BOTS,F290LP,G395H,Transit,1,2,3154,12,17.71,158.915,3.95019,0.055,1604.0,WASP-94 A,2.0,2.0,211.211,6170.0,1.48,1.67,0.51,2.7,4.2
WASP-94 A b,NIRISS / SOSS,-,GR700XD,Transit,1,3,5924,0,17.71,158.915,3.95019,0.055,1604.0,WASP-94 A,2.0,2.0,211.211,6170.0,1.48,1.67,0.51,2.7,4.2
WASP-96 b,NIRISS / SOSS,-,GR700XD,Transit,1,1,2734,0,13.45,152.55,3.4252602,0.0453,1285.0,WASP-96,1.0,1.0,352.464,5540.0,1.05,1.06,0.032,8.0,1.5
WASP-96 b,NIRSpec / BOTS,F290LP,G395H,Transit,1,2,4082,12,13.45,152.55,3.4252602,0.0453,1285.0,WASP-96,1.0,1.0,352.464,5540.0,1.05,1.06,0.032,8.0,1.5
WD 1856+534 b,NIRSpec / BOTS,CLEAR,PRISM,Transit,4,1,2358,12,10.4,4386.054,1.4079405,0.0204,163.0,WD 1856+534,1.0,3.0,24.7359,4710.0,0.01,0.52,-4.12,7.93,
WD 1856+534 b,NIRSpec / BOTS,F290LP,G395M,Eclipse,1,1,2507,12,10.4,4386.054,1.4079405,0.0204,163.0,WD 1856+534,1.0,3.0,24.7359,4710.0,0.01,0.52,-4.12,7.93,
